title,description,deadline,budget,status
Solar Panel Installation,Install panels on the rooftop,2024-10-15,1000,Pending
Wind Turbine Maintenance,Routine check-up of turbines,2024-11-20,2000,Ongoing
Hydro Power Feasibility Study,Analyze potential locations for hydroelectric projects,2025-01-05,3000,Planning
Electric Car Charging Station Setup,Install and configure charging stations,2025-03-10,15000,In Progress
AI Customer Support Chatbot,Develop and integrate chatbot for customer queries,2024-12-25,8000,Ongoing
Warehouse Inventory Management,Implement an IoT-based tracking system,2025-02-28,5000,Pending
Corporate Branding Campaign,Plan and execute marketing campaigns,2025-01-31,4000,Completed
Smart Home Automation,Develop smart controls for lighting and appliances,2025-04-15,12000,Planning
Website SEO Optimization,Improve search engine rankings for the company site,2024-12-10,2500,Completed
Cybersecurity Enhancement,Strengthen network and data security protocols,2025-03-30,10000,In Progress
Health and Wellness Portal,Build a platform for health tips and fitness tracking,2025-06-01,7000,Pending
Mobile Payment System Integration,Add payment gateway to the e-commerce app,2024-11-15,6000,Ongoing
Remote Work Infrastructure Upgrade,Set up secure VPN and collaboration tools,2024-12-20,9000,In Progress
AR Virtual Showroom,Develop an augmented reality shopping experience,2025-05-10,20000,Planning
Online Course Platform,Create a portal for hosting educational courses,2025-03-25,15000,Ongoing
